{
  "Birmingham City": {
    "Home": {
      "SoT": 0.8538103829441214,
      "Sh": 0.7806682242604869
    },
    "Away": {
      "SoT": 0.9139107158276488,
      "Sh": 0.7610033866574795
    }
  },
  "Blackburn": {
    "Home": {
      "SoT": 1.0270119177699286,
      "Sh": 0.883700578731414
    },
    "Away": {
      "SoT": 0.6714446075468441,
      "Sh": 0.9425958307061278
    }
  },
  "Bristol City": {
    "Home": {
      "SoT": 1.2185093893731103,
      "Sh": 1.2554096113996054
    },
    "Away": {
      "SoT": 1.048614109316985,
      "Sh": 0.8252783754444581
    }
  },
  "Charlton Ath": {
    "Home": {
      "SoT": 0.8178283739486191,
      "Sh": 1.125232194308453
    },
    "Away": {
      "SoT": 0.9885156722217426,
      "Sh": 1.286123804756921
    }
  },
  "Coventry City": {
    "Home": {
      "SoT": 0.8647879450105458,
      "Sh": 0.8496206460987226
    },
    "Away": {
      "SoT": 0.9232363353769105,
      "Sh": 0.8620960874680673
    }
  },
  "Derby County": {
    "Home": {
      "SoT": 1.0209132721774707,
      "Sh": 0.9807887589059416
    },
    "Away": {
      "SoT": 1.0548311890164928,
      "Sh": 0.9981344132502161
    }
  },
  "Hull City": {
    "Home": {
      "SoT": 1.2404645135059589,
      "Sh": 1.1840795198428096
    },
    "Away": {
      "SoT": 1.1936793023055006,
      "Sh": 1.2948602109998115
    }
  },
  "Ipswich Town": {
    "Home": {
      "SoT": 0.8123395929154068,
      "Sh": 0.7988970254361124
    },
    "Away": {
      "SoT": 0.8890423970296176,
      "Sh": 0.7834684312820546
    }
  },
  "Leicester City": {
    "Home": {
      "SoT": 0.9025995476837853,
      "Sh": 0.9562195051474897
    },
    "Away": {
      "SoT": 1.1283999654606685,
      "Sh": 0.9407237436540798
    }
  },
  "Middlesbrough": {
    "Home": {
      "SoT": 0.8916219856173608,
      "Sh": 1.0497411807441774
    },
    "Away": {
      "SoT": 0.4569553579138244,
      "Sh": 0.6149805965977417
    }
  },
  "Millwall": {
    "Home": {
      "SoT": 1.1197113307752904,
      "Sh": 0.9165916765048254
    },
    "Away": {
      "SoT": 0.9885156722217426,
      "Sh": 1.0280878060829828
    }
  },
  "Norwich City": {
    "Home": {
      "SoT": 1.2746169288237237,
      "Sh": 1.1143345414317203
    },
    "Away": {
      "SoT": 1.1004231068128834,
      "Sh": 1.0755140114015302
    }
  },
  "Oxford United": {
    "Home": {
      "SoT": 1.1575229334485302,
      "Sh": 1.0711402082112162
    },
    "Away": {
      "SoT": 1.1470512045591919,
      "Sh": 1.196263626258621
    }
  },
  "Portsmouth": {
    "Home": {
      "SoT": 1.0209132721774707,
      "Sh": 1.0770843825076157
    },
    "Away": {
      "SoT": 1.0351437699680512,
      "Sh": 1.057261162644063
    }
  },
  "Preston": {
    "Home": {
      "SoT": 0.9001600894468023,
      "Sh": 1.1305819511752127
    },
    "Away": {
      "SoT": 0.8797167774803558,
      "Sh": 0.9282431633070938
    }
  },
  "QPR": {
    "Home": {
      "SoT": 0.9355322338830585,
      "Sh": 0.8571499335408289
    },
    "Away": {
      "SoT": 0.9139107158276488,
      "Sh": 1.0333920527304519
    }
  },
  "Sheffield Utd": {
    "Home": {
      "SoT": 0.8769852361954618,
      "Sh": 0.9478976611325303
    },
    "Away": {
      "SoT": 0.9605388135739574,
      "Sh": 0.9210668296075768
    }
  },
  "Sheffield Weds": {
    "Home": {
      "SoT": 1.4929484410337206,
      "Sh": 1.1662469969536104
    },
    "Away": {
      "SoT": 1.4361454105863054,
      "Sh": 1.2383855849296992
    }
  },
  "Southampton": {
    "Home": {
      "SoT": 0.5952278098239017,
      "Sh": 0.9677115754538623
    },
    "Away": {
      "SoT": 0.9605388135739574,
      "Sh": 0.982845702325158
    }
  },
  "Stoke City": {
    "Home": {
      "SoT": 0.8672274032475289,
      "Sh": 0.8309955666366705
    },
    "Away": {
      "SoT": 0.9885156722217426,
      "Sh": 1.008118877527805
    }
  },
  "Swansea City": {
    "Home": {
      "SoT": 1.0977562066424416,
      "Sh": 1.0485523458848975
    },
    "Away": {
      "SoT": 1.2309817805025474,
      "Sh": 1.0302719076437055
    }
  },
  "Watford": {
    "Home": {
      "SoT": 1.1526440169745638,
      "Sh": 1.0735178779297758
    },
    "Away": {
      "SoT": 0.8610655383818324,
      "Sh": 0.9085862492605906
    }
  },
  "West Brom": {
    "Home": {
      "SoT": 0.7720885320051839,
      "Sh": 0.8210886094760045
    },
    "Away": {
      "SoT": 1.035143769968051,
      "Sh": 0.9996944857935894
    }
  },
  "Wrexham": {
    "Home": {
      "SoT": 1.0867786445760172,
      "Sh": 1.1127494282860138
    },
    "Away": {
      "SoT": 1.1936793023055006,
      "Sh": 1.2830036596701746
    }
  }
}