{
  "Alavés": {
    "Home": {
      "SoT": 0.7301845130834245,
      "Sh": 0.8187202415515038
    },
    "Away": {
      "SoT": 0.7649374934945139,
      "Sh": 0.9536819637139808
    }
  },
  "Athletic Club": {
    "Home": {
      "SoT": 0.9025151645897316,
      "Sh": 0.6433631401695504
    },
    "Away": {
      "SoT": 1.087968529598616,
      "Sh": 0.9716115261472786
    }
  },
  "Atlético Madrid": {
    "Home": {
      "SoT": 0.5329813964112587,
      "Sh": 0.7246545116711183
    },
    "Away": {
      "SoT": 0.8049933419714226,
      "Sh": 0.9517609391675561
    }
  },
  "Barcelona": {
    "Home": {
      "SoT": 0.6182584198370602,
      "Sh": 0.7020090581813958
    },
    "Away": {
      "SoT": 0.9768458531788049,
      "Sh": 0.8202774813233725
    }
  },
  "Betis": {
    "Home": {
      "SoT": 1.060632978858405,
      "Sh": 1.0660782719777027
    },
    "Away": {
      "SoT": 0.7042076587069427,
      "Sh": 0.7585912486659551
    }
  },
  "Celta Vigo": {
    "Home": {
      "SoT": 1.1565696302124313,
      "Sh": 1.0103356172337705
    },
    "Away": {
      "SoT": 1.022070198233379,
      "Sh": 0.8835289932408397
    }
  },
  "Elche": {
    "Home": {
      "SoT": 0.8923631379914218,
      "Sh": 0.9814688853128058
    },
    "Away": {
      "SoT": 1.034991439677543,
      "Sh": 1.104375667022412
    }
  },
  "Espanyol": {
    "Home": {
      "SoT": 1.060632978858405,
      "Sh": 1.1618859598188362
    },
    "Away": {
      "SoT": 0.9949355912006346,
      "Sh": 0.9911063678406261
    }
  },
  "Getafe": {
    "Home": {
      "SoT": 1.221288799776656,
      "Sh": 0.9959022512732881
    },
    "Away": {
      "SoT": 0.9225766391133157,
      "Sh": 0.705229455709712
    }
  },
  "Girona": {
    "Home": {
      "SoT": 1.2045379558894447,
      "Sh": 1.414469864127279
    },
    "Away": {
      "SoT": 1.426074347387576,
      "Sh": 1.4712202063322661
    }
  },
  "Levante": {
    "Home": {
      "SoT": 1.787264282632421,
      "Sh": 1.7361514342120543
    },
    "Away": {
      "SoT": 0.9542336806515178,
      "Sh": 1.1519743863393812
    }
  },
  "Mallorca": {
    "Home": {
      "SoT": 1.0446435369660672,
      "Sh": 1.178558986014566
    },
    "Away": {
      "SoT": 1.094429150320698,
      "Sh": 1.0877267876200643
    }
  },
  "Osasuna": {
    "Home": {
      "SoT": 1.2365168396741204,
      "Sh": 1.057949134827546
    },
    "Away": {
      "SoT": 1.0899067158152407,
      "Sh": 0.9502668089647813
    }
  },
  "Oviedo": {
    "Home": {
      "SoT": 1.7375193523007035,
      "Sh": 1.4040181163627916
    },
    "Away": {
      "SoT": 1.312798130727071,
      "Sh": 1.1171824973319102
    }
  },
  "Rayo Vallecano": {
    "Home": {
      "SoT": 0.7177482805004951,
      "Sh": 0.9731738474044825
    },
    "Away": {
      "SoT": 1.0085028947170067,
      "Sh": 0.936819637139808
    }
  },
  "Real Madrid": {
    "Home": {
      "SoT": 0.5543006522677091,
      "Sh": 0.7025897108349783
    },
    "Away": {
      "SoT": 0.7768537494930209,
      "Sh": 0.8586268231945927
    }
  },
  "Real Sociedad": {
    "Home": {
      "SoT": 0.8192685464835919,
      "Sh": 0.8396237370804783
    },
    "Away": {
      "SoT": 0.8049933419714226,
      "Sh": 1.030949839914621
    }
  },
  "Sevilla": {
    "Home": {
      "SoT": 1.3126570391614427,
      "Sh": 0.8515685916684638
    },
    "Away": {
      "SoT": 0.9484191220016439,
      "Sh": 0.8695837780149414
    }
  },
  "Valencia": {
    "Home": {
      "SoT": 0.73855993502703,
      "Sh": 0.8839192395109244
    },
    "Away": {
      "SoT": 1.4084153174138854,
      "Sh": 1.217502668089648
    }
  },
  "Villarreal": {
    "Home": {
      "SoT": 0.671556559478186,
      "Sh": 0.8535594007664614
    },
    "Away": {
      "SoT": 0.8618468043257445,
      "Sh": 1.1679829242262538
    }
  }
}