{
  "Arsenal": {
    "Home": {
      "SoT": 0.3920196009800489,
      "Sh": 0.4239093865649882
    },
    "Away": {
      "SoT": 0.6322795341098172,
      "Sh": 0.7501378929950359
    }
  },
  "Aston Villa": {
    "Home": {
      "SoT": 0.8400420021001049,
      "Sh": 1.0093080632499718
    },
    "Away": {
      "SoT": 0.7376594564614533,
      "Sh": 1.0682110682110684
    }
  },
  "Bournemouth": {
    "Home": {
      "SoT": 0.7140357017850891,
      "Sh": 0.7267018055399798
    },
    "Away": {
      "SoT": 1.4975041597337777,
      "Sh": 1.1472697186982903
    }
  },
  "Brentford": {
    "Home": {
      "SoT": 1.0080504025201258,
      "Sh": 1.1304250308399686
    },
    "Away": {
      "SoT": 0.7376594564614533,
      "Sh": 0.8622908622908623
    }
  },
  "Brighton": {
    "Home": {
      "SoT": 0.7350367518375918,
      "Sh": 0.9263205113827521
    },
    "Away": {
      "SoT": 0.8985024958402664,
      "Sh": 0.9266409266409267
    }
  },
  "Burnley": {
    "Home": {
      "SoT": 1.3720686034301715,
      "Sh": 1.5386340697544014
    },
    "Away": {
      "SoT": 1.3643926788685528,
      "Sh": 1.3127413127413128
    }
  },
  "Chelsea": {
    "Home": {
      "SoT": 0.7560378018900944,
      "Sh": 0.9016485365033081
    },
    "Away": {
      "SoT": 0.6600110926234056,
      "Sh": 0.6821106821106822
    }
  },
  "Crystal Palace": {
    "Home": {
      "SoT": 0.8820441022051101,
      "Sh": 0.9420208590333071
    },
    "Away": {
      "SoT": 0.7376594564614533,
      "Sh": 0.9137709137709138
    }
  },
  "Everton": {
    "Home": {
      "SoT": 1.1760588029401469,
      "Sh": 1.022765504093305
    },
    "Away": {
      "SoT": 0.8985024958402664,
      "Sh": 1.2024269167126311
    }
  },
  "Fulham": {
    "Home": {
      "SoT": 0.9240462023101154,
      "Sh": 0.8478187731299764
    },
    "Away": {
      "SoT": 1.0316139767054913,
      "Sh": 0.9597352454495313
    }
  },
  "Leeds United": {
    "Home": {
      "SoT": 0.8330416520826041,
      "Sh": 0.9263205113827521
    },
    "Away": {
      "SoT": 1.231281198003328,
      "Sh": 0.9597352454495313
    }
  },
  "Liverpool": {
    "Home": {
      "SoT": 0.9800490024501225,
      "Sh": 1.0519232925871929
    },
    "Away": {
      "SoT": 0.9317803660565727,
      "Sh": 0.8494208494208494
    }
  },
  "Manchester City": {
    "Home": {
      "SoT": 0.7560378018900944,
      "Sh": 0.8209038914433104
    },
    "Away": {
      "SoT": 0.8652246256239604,
      "Sh": 0.7501378929950359
    }
  },
  "Manchester Utd": {
    "Home": {
      "SoT": 0.7840392019600978,
      "Sh": 0.7536166872266457
    },
    "Away": {
      "SoT": 1.0648918469217972,
      "Sh": 1.0479867622724766
    }
  },
  "Newcastle Utd": {
    "Home": {
      "SoT": 1.2180609030451521,
      "Sh": 1.0093080632499718
    },
    "Away": {
      "SoT": 0.9317803660565727,
      "Sh": 0.8383894098179814
    }
  },
  "Nott'ham Forest": {
    "Home": {
      "SoT": 1.3440672033601677,
      "Sh": 1.2515419984299652
    },
    "Away": {
      "SoT": 1.1647254575707158,
      "Sh": 1.1196911196911197
    }
  },
  "Sunderland": {
    "Home": {
      "SoT": 1.0920546027301365,
      "Sh": 1.1977122350566334
    },
    "Away": {
      "SoT": 1.2423738214087634,
      "Sh": 1.261261261261261
    }
  },
  "Tottenham": {
    "Home": {
      "SoT": 1.2180609030451521,
      "Sh": 1.0496803857799706
    },
    "Away": {
      "SoT": 1.0316139767054913,
      "Sh": 1.014892443463872
    }
  },
  "West Ham": {
    "Home": {
      "SoT": 1.554077703885194,
      "Sh": 1.3861164068632947
    },
    "Away": {
      "SoT": 1.2423738214087634,
      "Sh": 1.196911196911197
    }
  },
  "Wolves": {
    "Home": {
      "SoT": 1.4210710535526774,
      "Sh": 1.0833239878883032
    },
    "Away": {
      "SoT": 1.0981697171381035,
      "Sh": 1.136238279095422
    }
  }
}