{
  "Arsenal": {
    "Home": {
      "SoT": 0.3778566124907186,
      "Sh": 0.4499407263713763
    },
    "Away": {
      "SoT": 0.5830098045666907,
      "Sh": 0.7053236908599808
    }
  },
  "Aston Villa": {
    "Home": {
      "SoT": 0.8217143800016502,
      "Sh": 1.0119624959586162
    },
    "Away": {
      "SoT": 0.8514838454958216,
      "Sh": 1.0760651738259128
    }
  },
  "Bournemouth": {
    "Home": {
      "SoT": 0.7227126474713307,
      "Sh": 0.7403815066278694
    },
    "Away": {
      "SoT": 1.4976640126340726,
      "Sh": 1.1501263396357935
    }
  },
  "Brentford": {
    "Home": {
      "SoT": 0.9768170942991503,
      "Sh": 1.0976398318784353
    },
    "Away": {
      "SoT": 0.8593801408172664,
      "Sh": 0.8974470680491419
    }
  },
  "Brighton": {
    "Home": {
      "SoT": 1.0114677006847619,
      "Sh": 0.9904084491863347
    },
    "Away": {
      "SoT": 0.8949134697637692,
      "Sh": 0.9179228021259912
    }
  },
  "Burnley": {
    "Home": {
      "SoT": 1.334873360283805,
      "Sh": 1.337428602220067
    },
    "Away": {
      "SoT": 1.355530696848062,
      "Sh": 1.2747233597630045
    }
  },
  "Chelsea": {
    "Home": {
      "SoT": 0.7441630228529,
      "Sh": 0.8917986852031469
    },
    "Away": {
      "SoT": 0.7080344804895702,
      "Sh": 0.7654439313409428
    }
  },
  "Crystal Palace": {
    "Home": {
      "SoT": 0.92401617028298,
      "Sh": 0.9618493372130617
    },
    "Away": {
      "SoT": 0.726459169572942,
      "Sh": 0.8669512938921322
    }
  },
  "Everton": {
    "Home": {
      "SoT": 1.201221021367874,
      "Sh": 1.0340553939002048
    },
    "Away": {
      "SoT": 0.904125814305455,
      "Sh": 1.1845429990415615
    }
  },
  "Fulham": {
    "Home": {
      "SoT": 0.9108159392789374,
      "Sh": 0.8449186334734347
    },
    "Away": {
      "SoT": 1.0278344410080935,
      "Sh": 0.9593099241962186
    }
  },
  "Leeds United": {
    "Home": {
      "SoT": 0.8118142067486183,
      "Sh": 1.0054962819269317
    },
    "Away": {
      "SoT": 1.2502467592287951,
      "Sh": 0.9562603467805176
    }
  },
  "Liverpool": {
    "Home": {
      "SoT": 1.067568682451943,
      "Sh": 1.0265114775299062
    },
    "Away": {
      "SoT": 0.9672961768770151,
      "Sh": 0.8660799860590748
    }
  },
  "Manchester City": {
    "Home": {
      "SoT": 0.7210626185958255,
      "Sh": 0.7969608794051083
    },
    "Away": {
      "SoT": 0.8409554517338949,
      "Sh": 0.7388690424326915
    }
  },
  "Manchester Utd": {
    "Home": {
      "SoT": 0.7326128207243627,
      "Sh": 0.8018105399288716
    },
    "Away": {
      "SoT": 1.0541554254129102,
      "Sh": 1.038163283087915
    }
  },
  "Newcastle Utd": {
    "Home": {
      "SoT": 1.211121194620906,
      "Sh": 1.0421381614398102
    },
    "Away": {
      "SoT": 0.9580838323353292,
      "Sh": 0.8543173303127997
    }
  },
  "Nott'ham Forest": {
    "Home": {
      "SoT": 1.3216731292797623,
      "Sh": 1.2776161224269857
    },
    "Away": {
      "SoT": 1.018622096466408,
      "Sh": 1.0089744706804915
    }
  },
  "Sunderland": {
    "Home": {
      "SoT": 1.0890190578335122,
      "Sh": 1.226964112512124
    },
    "Away": {
      "SoT": 1.2055010857406068,
      "Sh": 1.359240219569574
    }
  },
  "Tottenham": {
    "Home": {
      "SoT": 1.1764705882352944,
      "Sh": 1.006573984265546
    },
    "Away": {
      "SoT": 1.0278344410080935,
      "Sh": 1.0303215125903982
    }
  },
  "West Ham": {
    "Home": {
      "SoT": 1.509776421087369,
      "Sh": 1.4004741890289902
    },
    "Away": {
      "SoT": 1.169967756794104,
      "Sh": 1.2298510063605472
    }
  },
  "Wolves": {
    "Home": {
      "SoT": 1.3332233314082997,
      "Sh": 1.0550705895031793
    },
    "Away": {
      "SoT": 1.098901098901099,
      "Sh": 1.1200662193953126
    }
  }
}