{
  "Aberdeen": {
    "Home": {
      "SoT": 1.0993596017785732,
      "Sh": 1.1756481293386667
    },
    "Away": {
      "SoT": 0.6213045729853872,
      "Sh": 0.9705034090223447
    }
  },
  "Celtic": {
    "Home": {
      "SoT": 0.610084174613384,
      "Sh": 0.4276918119601841
    },
    "Away": {
      "SoT": 0.60671425033211,
      "Sh": 0.743734035920436
    }
  },
  "Dundee": {
    "Home": {
      "SoT": 1.4799071562403872,
      "Sh": 1.4369032691917034
    },
    "Away": {
      "SoT": 1.3404858937698423,
      "Sh": 1.2027030832042798
    }
  },
  "Dundee United": {
    "Home": {
      "SoT": 1.4436645320059287,
      "Sh": 1.6164531336466863
    },
    "Away": {
      "SoT": 1.0468556503726387,
      "Sh": 1.1373222582007603
    }
  },
  "Falkirk": {
    "Home": {
      "SoT": 1.0676473055734224,
      "Sh": 0.9832372493117676
    },
    "Away": {
      "SoT": 1.2979307860311171,
      "Sh": 1.1342812895959453
    }
  },
  "Hearts": {
    "Home": {
      "SoT": 0.5919628624961548,
      "Sh": 0.7096254474386546
    },
    "Away": {
      "SoT": 0.8267849503523744,
      "Sh": 0.7280947688099595
    }
  },
  "Hibernian": {
    "Home": {
      "SoT": 0.9513688861545345,
      "Sh": 0.7361040089102461
    },
    "Away": {
      "SoT": 0.9319568594780807,
      "Sh": 0.925974940166127
    }
  },
  "Kilmarnock": {
    "Home": {
      "SoT": 1.0547274811935456,
      "Sh": 1.0556119840007847
    },
    "Away": {
      "SoT": 1.2280188233174973,
      "Sh": 1.1846744836185916
    }
  },
  "Livingston": {
    "Home": {
      "SoT": 1.067647305573422,
      "Sh": 1.0885630827209876
    },
    "Away": {
      "SoT": 1.1168351608763198,
      "Sh": 1.119414331972406
    }
  },
  "Motherwell": {
    "Home": {
      "SoT": 0.7029558992141838,
      "Sh": 0.7890611318534294
    },
    "Away": {
      "SoT": 1.017067074955531,
      "Sh": 0.9579051105166829
    }
  },
  "Rangers": {
    "Home": {
      "SoT": 0.7731759836684472,
      "Sh": 0.7065993261276154
    },
    "Away": {
      "SoT": 0.9106793056087182,
      "Sh": 0.9457412360974234
    }
  },
  "St Mirren": {
    "Home": {
      "SoT": 1.157498811488017,
      "Sh": 1.274501425499275
    },
    "Away": {
      "SoT": 1.0553666719203836,
      "Sh": 0.9496510528750426
    }
  }
}