{
  "Aberdeen": {
    "Home": {
      "SoT": 1.149394705334575,
      "Sh": 1.174351391316037
    },
    "Away": {
      "SoT": 0.6704473850031506,
      "Sh": 0.9635237439779765
    }
  },
  "Celtic": {
    "Home": {
      "SoT": 0.5810828788080351,
      "Sh": 0.45167361204462964
    },
    "Away": {
      "SoT": 0.5746691871455576,
      "Sh": 0.7267721954576737
    }
  },
  "Dundee": {
    "Home": {
      "SoT": 1.37927364640149,
      "Sh": 1.3937357171662856
    },
    "Away": {
      "SoT": 1.3005671077504728,
      "Sh": 1.1892635925671025
    }
  },
  "Dundee United": {
    "Home": {
      "SoT": 1.2515631235865372,
      "Sh": 1.4302997714746606
    },
    "Away": {
      "SoT": 1.0586011342155008,
      "Sh": 1.1782518926359256
    }
  },
  "Falkirk": {
    "Home": {
      "SoT": 1.2643341758680324,
      "Sh": 1.0840166689071111
    },
    "Away": {
      "SoT": 1.330812854442344,
      "Sh": 1.1892635925671025
    }
  },
  "Hearts": {
    "Home": {
      "SoT": 0.4980710389783158,
      "Sh": 0.7097728189272751
    },
    "Away": {
      "SoT": 0.8166351606805292,
      "Sh": 0.7377838953888506
    }
  },
  "Hibernian": {
    "Home": {
      "SoT": 0.9961420779566316,
      "Sh": 0.7872025809920686
    },
    "Away": {
      "SoT": 0.9262759924385633,
      "Sh": 0.9346180316586372
    }
  },
  "Kilmarnock": {
    "Home": {
      "SoT": 0.9721963549288279,
      "Sh": 1.0953085092082269
    },
    "Away": {
      "SoT": 1.3056080655324511,
      "Sh": 1.1690754760266115
    }
  },
  "Livingston": {
    "Home": {
      "SoT": 1.0727683916456032,
      "Sh": 1.0990724559752654
    },
    "Away": {
      "SoT": 1.0321361058601133,
      "Sh": 1.1273227804542325
    }
  },
  "Motherwell": {
    "Home": {
      "SoT": 0.8428894505786882,
      "Sh": 0.7872025809920686
    },
    "Away": {
      "SoT": 1.1493383742911152,
      "Sh": 0.9470061940812113
    }
  },
  "Rangers": {
    "Home": {
      "SoT": 0.7662631368897166,
      "Sh": 0.7097728189272751
    },
    "Away": {
      "SoT": 0.8821676118462508,
      "Sh": 0.9249827942188574
    }
  },
  "St Mirren": {
    "Home": {
      "SoT": 1.2260210190235465,
      "Sh": 1.2775910740690952
    },
    "Away": {
      "SoT": 0.9527410207939508,
      "Sh": 0.9121358109658178
    }
  }
}