{
  "Atalanta": {
    "Home": {
      "SoT": 0.6864543982730704,
      "Sh": 0.8552856358202758
    },
    "Away": {
      "SoT": 1.3830108320198533,
      "Sh": 0.9180916169135631
    }
  },
  "Bologna": {
    "Home": {
      "SoT": 0.6648677819751753,
      "Sh": 0.6454431042163126
    },
    "Away": {
      "SoT": 0.7310775009222308,
      "Sh": 0.8390562752993197
    }
  },
  "Cagliari": {
    "Home": {
      "SoT": 1.4128440366972472,
      "Sh": 1.181899567945818
    },
    "Away": {
      "SoT": 1.2005768134410946,
      "Sh": 1.014642899101774
    }
  },
  "Como": {
    "Home": {
      "SoT": 1.0361575822989744,
      "Sh": 0.9191206681054056
    },
    "Away": {
      "SoT": 0.877293001106677,
      "Sh": 0.8770786828867125
    }
  },
  "Cremonese": {
    "Home": {
      "SoT": 1.220183486238532,
      "Sh": 1.198853045354877
    },
    "Away": {
      "SoT": 1.389717965055837,
      "Sh": 1.5063708893612022
    }
  },
  "Fiorentina": {
    "Home": {
      "SoT": 1.2957366432811657,
      "Sh": 1.1177185463258095
    },
    "Away": {
      "SoT": 1.1878332606727255,
      "Sh": 1.045188990590522
    }
  },
  "Genoa": {
    "Home": {
      "SoT": 0.7965461413923367,
      "Sh": 0.7680963234308302
    },
    "Away": {
      "SoT": 1.1424483271292354,
      "Sh": 0.9330442491108524
    }
  },
  "Hellas Verona": {
    "Home": {
      "SoT": 1.0685375067458174,
      "Sh": 1.0628792367475273
    },
    "Away": {
      "SoT": 0.9926556893255977,
      "Sh": 0.9766204915143812
    }
  },
  "Inter": {
    "Home": {
      "SoT": 0.9633027522935779,
      "Sh": 0.8192162476591659
    },
    "Away": {
      "SoT": 0.5727891612730138,
      "Sh": 0.7027737132725971
    }
  },
  "Juventus": {
    "Home": {
      "SoT": 0.7738801942795466,
      "Sh": 0.9004372440219529
    },
    "Away": {
      "SoT": 0.6823390008607488,
      "Sh": 0.8513031930990043
    }
  },
  "Lazio": {
    "Home": {
      "SoT": 1.3788451160280624,
      "Sh": 1.168578978552986
    },
    "Away": {
      "SoT": 0.9658271571816627,
      "Sh": 1.0206239519806897
    }
  },
  "Lecce": {
    "Home": {
      "SoT": 1.0555855369670801,
      "Sh": 1.0613222847405728
    },
    "Away": {
      "SoT": 1.1612282996299899,
      "Sh": 0.9699274085308326
    }
  },
  "Milan": {
    "Home": {
      "SoT": 0.8402590393955747,
      "Sh": 0.9061460680474523
    },
    "Away": {
      "SoT": 0.8357087762835776,
      "Sh": 1.002823199364869
    }
  },
  "Napoli": {
    "Home": {
      "SoT": 0.6270912034538585,
      "Sh": 1.0656471514265573
    },
    "Away": {
      "SoT": 0.5687648814514235,
      "Sh": 0.7181535635326661
    }
  },
  "Parma": {
    "Home": {
      "SoT": 1.0572045331894222,
      "Sh": 1.0545754927104372
    },
    "Away": {
      "SoT": 1.0641984417094248,
      "Sh": 1.0915421504021188
    }
  },
  "Pisa": {
    "Home": {
      "SoT": 1.0021586616297895,
      "Sh": 1.1775747012598337
    },
    "Away": {
      "SoT": 1.4084979375565916,
      "Sh": 1.4922726932894723
    }
  },
  "Roma": {
    "Home": {
      "SoT": 1.0685375067458174,
      "Sh": 0.8734500759014102
    },
    "Away": {
      "SoT": 0.7856288496148988,
      "Sh": 0.8213979287044256
    }
  },
  "Sassuolo": {
    "Home": {
      "SoT": 1.0572045331894222,
      "Sh": 1.1106257649607951
    },
    "Away": {
      "SoT": 1.2367953318354068,
      "Sh": 1.0407032009313355
    }
  },
  "Torino": {
    "Home": {
      "SoT": 1.1446303291958984,
      "Sh": 1.248502514909978
    },
    "Away": {
      "SoT": 0.8826587075354639,
      "Sh": 1.085561097523203
    }
  },
  "Udinese": {
    "Home": {
      "SoT": 0.8499730167296276,
      "Sh": 0.864627347862002
    },
    "Away": {
      "SoT": 0.9309500653945472,
      "Sh": 1.0928238045904581
    }
  }
}